{"cameraMode":{"drawMode":0,"name":"Shaded","section":"Shading Mode"},"sceneLighting":true,"audioPlay":false,"sceneViewState":{"m_AlwaysRefresh":false,"showFog":true,"showSkybox":true,"showFlares":true,"showImageEffects":true,"showParticleSystems":true,"showVisualEffectGraphs":true,"m_FxEnabled":true},"in2DMode":false,"pivot":{"x":1.6506098508834839,"y":-2.332648277282715,"z":5.2513275146484379},"rotation":{"x":0.2608398497104645,"y":0.06974869966506958,"z":-0.019000474363565446,"w":0.9627324938774109},"size":7.3780622482299809,"orthographic":false}