{"cameraMode":{"drawMode":0,"name":"Shaded","section":"Shading Mode"},"sceneLighting":true,"audioPlay":false,"sceneViewState":{"m_AlwaysRefresh":false,"showFog":true,"showSkybox":true,"showFlares":true,"showImageEffects":true,"showParticleSystems":true,"showVisualEffectGraphs":true,"m_FxEnabled":true},"in2DMode":false,"pivot":{"x":4.525636672973633,"y":1.1726419925689698,"z":-2.179790496826172},"rotation":{"x":0.04468278959393501,"y":0.9459967613220215,"z":-0.1494320034980774,"w":0.28452935814857485},"size":1.9684076309204102,"orthographic":false}